{
  "id": "1dd9a82f-516b-452b-be23-4fd7a78fd4b6",
  "name": "fragrance",
  "isOverridable": true,
  "entries": [
    {
      "value": "Floral",
      "synonyms": [
        "Floral"
      ]
    },
    {
      "value": "Fruity",
      "synonyms": [
        "Fruity"
      ]
    },
    {
      "value": "Woody",
      "synonyms": [
        "Woody"
      ]
    },
    {
      "value": "Oriental",
      "synonyms": [
        "Oriental",
        "Spices"
      ]
    },
    {
      "value": "Oceanic",
      "synonyms": [
        "Oceanic",
        "Aqua",
        "Aqueous"
      ]
    }
  ],
  "isEnum": false,
  "automatedExpansion": false
}