{
  "id": "80d8ba40-ec29-4fc5-9a7f-aa4226bdcdb8",
  "name": "perfume-smell",
  "isOverridable": true,
  "entries": [
    {
      "value": "fruity",
      "synonyms": [
        "fruity"
      ]
    },
    {
      "value": "woody",
      "synonyms": [
        "woody",
        "wooden"
      ]
    },
    {
      "value": "oriental",
      "synonyms": [
        "oriental"
      ]
    },
    {
      "value": "oceanic",
      "synonyms": [
        "oceanic",
        "aqua",
        "aqueous"
      ]
    },
    {
      "value": "floral",
      "synonyms": [
        "floral"
      ]
    },
    {
      "value": "spicy",
      "synonyms": [
        "spicy"
      ]
    },
    {
      "value": "citrus",
      "synonyms": [
        "citrus",
        "citric",
        "citrous"
      ]
    },
    {
      "value": "mint",
      "synonyms": [
        "mint"
      ]
    }
  ],
  "isEnum": false,
  "automatedExpansion": false
}